ID,StartTime,Duration_ns,ConnDuration_ns,DialDuration_ns,DNSDuration_ns,Status,StatusCode,Error
GET /,2024-02-12T12:50:58+01:00,338865000,187818875,146996875,40262209,200 OK,200,
GET /,2024-02-12T12:50:58+01:00,342826542,188442916,147601250,40228166,200 OK,200,
GET /,2024-02-12T12:50:58+01:00,343047959,187695292,146739750,40384542,200 OK,200,
GET /,2024-02-12T12:50:58+01:00,484274459,333713000,292769375,40259625,200 OK,200,
GET /anything,2024-02-12T12:50:58+01:00,296632375,147367458,145465667,1757708,200 OK,200,
GET /anything,2024-02-12T12:50:58+01:00,292864292,146642000,145832292,718333,200 OK,200,
GET /anything,2024-02-12T12:50:58+01:00,293629125,146643958,145827709,703833,200 OK,200,
GET /anything,2024-02-12T12:50:58+01:00,299385209,149145125,146590250,2280750,200 OK,200,
PUT /anything,2024-02-12T12:50:59+01:00,298021375,149354792,147107584,2104166,200 OK,200,
PUT /anything,2024-02-12T12:50:59+01:00,297629958,149104042,147283459,1743791,200 OK,200,
PUT /anything,2024-02-12T12:50:59+01:00,296908417,148088459,146979500,987750,200 OK,200,
PUT /anything,2024-02-12T12:50:59+01:00,299354583,148912791,146513542,2151416,200 OK,200,
GET /,2024-02-12T12:50:59+01:00,301597208,149655750,147461000,2060292,200 OK,200,
GET /,2024-02-12T12:50:59+01:00,301636667,149467083,147264375,2075375,200 OK,200,
GET /,2024-02-12T12:50:59+01:00,301708209,149485792,147280667,2070083,200 OK,200,
GET /,2024-02-12T12:50:59+01:00,297933333,148648208,146821833,1555792,200 OK,200,
GET /anything,2024-02-12T12:50:59+01:00,298809542,148040209,145921708,2016416,200 OK,200,
GET /anything,2024-02-12T12:50:59+01:00,298866000,148141125,145976375,2087916,200 OK,200,
GET /anything,2024-02-12T12:50:59+01:00,298947959,148145166,145837875,2087666,200 OK,200,
GET /anything,2024-02-12T12:50:59+01:00,304929000,153165208,150615125,2315209,200 OK,200,
PUT /anything,2024-02-12T12:51:00+01:00,304754583,152124666,150309708,1659667,200 OK,200,
PUT /anything,2024-02-12T12:51:00+01:00,304789375,152001125,150205875,1645583,200 OK,200,
PUT /anything,2024-02-12T12:51:00+01:00,304845208,151847458,150020625,1500417,200 OK,200,
PUT /anything,2024-02-12T12:51:00+01:00,299909708,151333291,149378792,1749167,200 OK,200,
GET /,2024-02-12T12:51:00+01:00,298370125,148228625,145968042,2045666,200 OK,200,
GET /,2024-02-12T12:51:00+01:00,303189875,149059584,146805916,2084792,200 OK,200,
GET /,2024-02-12T12:51:00+01:00,303268959,148303584,145953416,2095250,200 OK,200,
GET /,2024-02-12T12:51:00+01:00,302306541,151018375,148546667,2231750,200 OK,200,
GET /anything,2024-02-12T12:51:00+01:00,296593458,147433833,145148041,2076417,200 OK,200,
GET /anything,2024-02-12T12:51:00+01:00,294683250,147821750,146526208,1198708,200 OK,200,
GET /anything,2024-02-12T12:51:00+01:00,297394875,148063667,145368541,2475875,200 OK,200,
GET /anything,2024-02-12T12:51:00+01:00,557438708,147923875,146577333,1225541,200 OK,200,
PUT /anything,2024-02-12T12:51:00+01:00,295946167,148308959,147384750,809959,200 OK,200,
PUT /anything,2024-02-12T12:51:00+01:00,298867083,151164375,148676416,2283125,200 OK,200,
PUT /anything,2024-02-12T12:51:01+01:00,295664459,147946583,145470917,2289000,200 OK,200,
PUT /anything,2024-02-12T12:51:01+01:00,297618791,147459333,145018666,2217500,200 OK,200,
GET /,2024-02-12T12:51:01+01:00,297929250,148401291,146269458,1966959,200 OK,200,
GET /,2024-02-12T12:51:01+01:00,301323750,148351416,146257750,1929375,200 OK,200,
GET /,2024-02-12T12:51:01+01:00,300235541,147826667,145447834,2142375,200 OK,200,
GET /anything,2024-02-12T12:51:01+01:00,296942042,147388792,145176792,2053708,200 OK,200,
GET /anything,2024-02-12T12:51:01+01:00,294718417,147393167,146238500,1062875,200 OK,200,
GET /anything,2024-02-12T12:51:01+01:00,298364083,147870500,145320958,2374583,200 OK,200,
GET /,2024-02-12T12:51:01+01:00,622943250,147927959,145697708,1984000,200 OK,200,
PUT /anything,2024-02-12T12:51:01+01:00,296427500,148887334,147643084,1014875,200 OK,200,
PUT /anything,2024-02-12T12:51:01+01:00,298017959,150058084,147661875,2160625,200 OK,200,
PUT /anything,2024-02-12T12:51:01+01:00,295647834,148194500,145673041,2294792,200 OK,200,
GET /anything,2024-02-12T12:51:02+01:00,298156250,148422500,146588542,1617834,200 OK,200,
GET /,2024-02-12T12:51:02+01:00,296497333,146885834,145753625,1005917,200 OK,200,
GET /,2024-02-12T12:51:02+01:00,297542083,146482458,145791666,549583,200 OK,200,
GET /,2024-02-12T12:51:02+01:00,299432125,147668750,145406500,2091292,200 OK,200,
GET /anything,2024-02-12T12:51:02+01:00,295167500,147746333,146741708,904875,200 OK,200,
GET /anything,2024-02-12T12:51:02+01:00,293792833,146361292,145590125,672666,200 OK,200,
PUT /anything,2024-02-12T12:51:02+01:00,299401958,148981417,146416208,2348167,200 OK,200,
GET /anything,2024-02-12T12:51:02+01:00,295316125,147800042,145267708,2358708,200 OK,200,
PUT /anything,2024-02-12T12:51:02+01:00,299604958,148384666,145737042,2454125,200 OK,200,
PUT /anything,2024-02-12T12:51:02+01:00,300072333,148547000,145959916,2417500,200 OK,200,
GET /,2024-02-12T12:51:02+01:00,299782416,147991125,146018708,1803875,200 OK,200,
PUT /anything,2024-02-12T12:51:02+01:00,297055875,150138750,147571542,2383041,200 OK,200,
GET /anything,2024-02-12T12:51:03+01:00,298278875,149449292,147674375,1626292,200 OK,200,
GET /,2024-02-12T12:51:03+01:00,303376417,149852625,147666959,2040208,200 OK,200,
GET /,2024-02-12T12:51:03+01:00,303815666,150243792,147700209,2371125,200 OK,200,
GET /,2024-02-12T12:51:03+01:00,298226083,147698042,145357458,2065084,200 OK,200,
GET /anything,2024-02-12T12:51:03+01:00,295045875,146837833,145682209,979000,200 OK,200,
GET /anything,2024-02-12T12:51:03+01:00,296083375,146766250,145678334,994250,200 OK,200,
GET /anything,2024-02-12T12:51:03+01:00,296710833,148224625,146444708,1584875,200 OK,200,
PUT /anything,2024-02-12T12:51:03+01:00,486786250,148420333,146093042,2111958,200 OK,200,
PUT /anything,2024-02-12T12:51:03+01:00,296609083,147972417,146125667,1725209,200 OK,200,
PUT /anything,2024-02-12T12:51:03+01:00,295615959,146973208,146167584,724958,200 OK,200,
GET /,2024-02-12T12:51:03+01:00,299180584,147514041,146631584,763125,200 OK,200,
PUT /anything,2024-02-12T12:51:03+01:00,358347875,149776625,147868167,1754750,200 OK,200,
GET /,2024-02-12T12:51:03+01:00,302085459,150336292,148398792,1746542,200 OK,200,
GET /,2024-02-12T12:51:03+01:00,304359166,150320584,148397333,1749875,200 OK,200,
GET /anything,2024-02-12T12:51:04+01:00,298086458,148481875,146055750,2178584,200 OK,200,
GET /,2024-02-12T12:51:04+01:00,296325583,146623250,145288792,1187666,200 OK,200,
GET /anything,2024-02-12T12:51:04+01:00,307257875,147845625,147557583,59459,200 OK,200,
GET /anything,2024-02-12T12:51:04+01:00,309616792,150151375,147572333,2380500,200 OK,200,
PUT /anything,2024-02-12T12:51:04+01:00,298129125,149682291,146954916,2465250,200 OK,200,
PUT /anything,2024-02-12T12:51:04+01:00,295954541,148540916,145919542,2275084,200 OK,200,
PUT /anything,2024-02-12T12:51:04+01:00,296040792,148286167,145878250,2230625,200 OK,200,
GET /anything,2024-02-12T12:51:04+01:00,475529750,147110250,145905750,1075875,200 OK,200,
GET /,2024-02-12T12:51:04+01:00,300036750,147993291,145340708,2383625,200 OK,200,
GET /,2024-02-12T12:51:04+01:00,301674708,148665750,146557833,1882667,200 OK,200,
GET /,2024-02-12T12:51:04+01:00,301648625,148133459,146006750,1880584,200 OK,200,
PUT /anything,2024-02-12T12:51:04+01:00,297192208,147403458,145635125,1581792,200 OK,200,
GET /anything,2024-02-12T12:51:04+01:00,298268458,148200500,146403917,1580541,200 OK,200,
GET /anything,2024-02-12T12:51:05+01:00,299292458,149066000,147780208,1132334,200 OK,200,
GET /anything,2024-02-12T12:51:05+01:00,300998667,149121750,147890417,1129792,200 OK,200,
GET /,2024-02-12T12:51:05+01:00,300779041,148091750,146658209,1262958,200 OK,200,
PUT /anything,2024-02-12T12:51:05+01:00,327768709,148465792,145891542,2367042,200 OK,200,
PUT /anything,2024-02-12T12:51:05+01:00,297100750,147381792,146393292,783166,200 OK,200,
PUT /anything,2024-02-12T12:51:05+01:00,299314500,149020084,146422250,2390750,200 OK,200,
GET /anything,2024-02-12T12:51:05+01:00,297600958,148647500,146451166,2008209,200 OK,200,
GET /,2024-02-12T12:51:05+01:00,300405208,148248959,146365917,1704083,200 OK,200,
GET /,2024-02-12T12:51:05+01:00,301576875,148809834,146336708,2242209,200 OK,200,
GET /,2024-02-12T12:51:05+01:00,301101959,148259291,146359084,1747375,200 OK,200,
PUT /anything,2024-02-12T12:51:05+01:00,372749791,147749542,146092542,1479667,200 OK,200,
GET /anything,2024-02-12T12:51:05+01:00,299273167,149745416,146922125,2600083,200 OK,200,
GET /anything,2024-02-12T12:51:06+01:00,295652333,148625042,146181667,2296541,200 OK,200,
GET /anything,2024-02-12T12:51:06+01:00,295722084,148585666,146112917,2286083,200 OK,200,
GET /,2024-02-12T12:51:06+01:00,301356875,148910958,146191834,2514417,200 OK,200,
PUT /anything,2024-02-12T12:51:06+01:00,297665250,147938291,146080333,1676000,200 OK,200,
PUT /anything,2024-02-12T12:51:06+01:00,297184375,147582208,145258875,2196959,200 OK,200,
GET /,2024-02-12T12:51:06+01:00,300767917,148179750,145995917,1932334,200 OK,200,
PUT /anything,2024-02-12T12:51:06+01:00,515000417,147546542,145167292,2195417,200 OK,200,
GET /,2024-02-12T12:51:06+01:00,299392167,147773375,145794500,1815250,200 OK,200,
GET /anything,2024-02-12T12:51:06+01:00,298224125,148717167,146315000,2173583,200 OK,200,
GET /,2024-02-12T12:51:06+01:00,296172334,146837917,145065125,1633917,200 OK,200,
GET /anything,2024-02-12T12:51:06+01:00,728185250,150001167,148296167,1558458,200 OK,200,
GET /anything,2024-02-12T12:51:06+01:00,301127250,150785917,148262250,2191917,200 OK,200,
PUT /anything,2024-02-12T12:51:07+01:00,300724292,148692709,146753417,1718208,200 OK,200,
GET /anything,2024-02-12T12:51:07+01:00,294976500,147472000,146316833,986916,200 OK,200,
PUT /anything,2024-02-12T12:51:07+01:00,296950083,148612416,145986583,2392250,200 OK,200,
PUT /anything,2024-02-12T12:51:07+01:00,297949291,148839625,147015542,1645417,200 OK,200,
PUT /anything,2024-02-12T12:51:07+01:00,298923500,147228833,146158666,911917,200 OK,200,
GET /,2024-02-12T12:51:07+01:00,300755708,149005541,146248750,2580000,200 OK,200,
GET /,2024-02-12T12:51:07+01:00,301073833,148175541,145680416,2193958,200 OK,200,
GET /,2024-02-12T12:51:07+01:00,299717250,149269958,147567375,1487584,200 OK,200,
GET /anything,2024-02-12T12:51:07+01:00,299919291,149973500,148430834,1449625,200 OK,200,
GET /anything,2024-02-12T12:51:07+01:00,297194959,147532458,146009666,1398584,200 OK,200,
GET /,2024-02-12T12:51:07+01:00,709741375,149094083,147135833,1792292,200 OK,200,
GET /anything,2024-02-12T12:51:08+01:00,299931958,148958792,146780667,1953667,200 OK,200,
PUT /anything,2024-02-12T12:51:08+01:00,299665500,148627084,146779250,1665125,200 OK,200,
PUT /anything,2024-02-12T12:51:08+01:00,296983416,147754375,145470042,2090875,200 OK,200,
GET /anything,2024-02-12T12:51:08+01:00,298361500,148820458,146571708,2045125,200 OK,200,
PUT /anything,2024-02-12T12:51:08+01:00,301464916,148569625,146439917,1930292,200 OK,200,
GET /,2024-02-12T12:51:08+01:00,301530084,148569708,146430500,1926750,200 OK,200,
GET /,2024-02-12T12:51:08+01:00,297223708,147352542,145183042,1876875,200 OK,200,
PUT /anything,2024-02-12T12:51:08+01:00,295801584,147844666,145437583,2241000,200 OK,200,
GET /anything,2024-02-12T12:51:08+01:00,298226209,148577625,146804834,1617500,200 OK,200,
GET /,2024-02-12T12:51:08+01:00,299273459,148572791,146790583,1620875,200 OK,200,
GET /anything,2024-02-12T12:51:08+01:00,293857750,147414291,145207000,1960667,200 OK,200,
GET /,2024-02-12T12:51:08+01:00,301958125,149468291,147481917,1811125,200 OK,200,
PUT /anything,2024-02-12T12:51:08+01:00,298021709,148396167,145790375,2370459,200 OK,200,
GET /anything,2024-02-12T12:51:08+01:00,297627125,147385208,145797666,1414333,200 OK,200,
PUT /anything,2024-02-12T12:51:08+01:00,295211459,146969917,145270042,1548292,200 OK,200,
GET /anything,2024-02-12T12:51:09+01:00,296119125,148243375,146285916,1704834,200 OK,200,
GET /,2024-02-12T12:51:09+01:00,300506333,148113209,145829708,2049000,200 OK,200,
PUT /anything,2024-02-12T12:51:09+01:00,345469958,147624625,145846833,1610500,200 OK,200,
GET /,2024-02-12T12:51:09+01:00,297870084,146728666,144923625,1672791,200 OK,200,
PUT /anything,2024-02-12T12:51:09+01:00,300939375,150878834,148709333,2006083,200 OK,200,
GET /anything,2024-02-12T12:51:09+01:00,297032125,148325458,145771333,2278542,200 OK,200,
GET /anything,2024-02-12T12:51:09+01:00,297938958,146900500,146514625,163334,200 OK,200,
GET /,2024-02-12T12:51:09+01:00,302997750,148275208,146461542,1628375,200 OK,200,
GET /,2024-02-12T12:51:09+01:00,300885041,148104792,145547625,2367333,200 OK,200,
PUT /anything,2024-02-12T12:51:09+01:00,296655667,148524958,145987000,2315208,200 OK,200,
PUT /anything,2024-02-12T12:51:09+01:00,299017375,151580458,150223750,1171584,200 OK,200,
GET /anything,2024-02-12T12:51:09+01:00,295680709,148038166,147245750,651708,200 OK,200,
GET /anything,2024-02-12T12:51:10+01:00,295668625,147548709,145374375,2014125,200 OK,200,
GET /,2024-02-12T12:51:10+01:00,299098917,147602041,145705041,1741209,200 OK,200,
PUT /anything,2024-02-12T12:51:10+01:00,294298500,146760625,145508375,1132084,200 OK,200,
GET /,2024-02-12T12:51:10+01:00,296961542,147003750,145470250,1385167,200 OK,200,
PUT /anything,2024-02-12T12:51:10+01:00,296173000,148669500,146257750,2237000,200 OK,200,
GET /anything,2024-02-12T12:51:10+01:00,296341667,147921209,145554458,2118167,200 OK,200,
GET /anything,2024-02-12T12:51:10+01:00,293294041,146216209,145365125,726292,200 OK,200,
GET /,2024-02-12T12:51:10+01:00,299175209,148197500,146166625,1855667,200 OK,200,
GET /,2024-02-12T12:51:10+01:00,449200333,299704083,298207459,1317375,200 OK,200,
PUT /anything,2024-02-12T12:51:10+01:00,296544625,147807666,145253375,2330041,200 OK,200,
PUT /anything,2024-02-12T12:51:10+01:00,297245334,148116709,146546000,1367917,200 OK,200,
GET /anything,2024-02-12T12:51:10+01:00,295321375,148327584,146058958,2017708,200 OK,200,
GET /anything,2024-02-12T12:51:10+01:00,296277916,148244792,146053417,2044917,200 OK,200,
GET /,2024-02-12T12:51:11+01:00,298869250,151317833,148790125,2236958,200 OK,200,
GET /,2024-02-12T12:51:11+01:00,298315375,148482541,146859417,1482000,200 OK,200,
PUT /anything,2024-02-12T12:51:11+01:00,293657875,145984959,145029292,811875,200 OK,200,
PUT /anything,2024-02-12T12:51:11+01:00,294683542,147043291,145048958,1813875,200 OK,200,
GET /anything,2024-02-12T12:51:11+01:00,296635917,147471416,145249875,1592833,200 OK,200,
GET /anything,2024-02-12T12:51:11+01:00,388140084,149179708,147415292,1547542,200 OK,200,
GET /,2024-02-12T12:51:11+01:00,299832292,148716042,147009583,1565667,200 OK,200,
GET /,2024-02-12T12:51:11+01:00,299877250,148718625,147016375,1552458,200 OK,200,
PUT /anything,2024-02-12T12:51:11+01:00,299626917,149206750,147409875,1637541,200 OK,200,
PUT /anything,2024-02-12T12:51:11+01:00,297256250,147614917,145953708,1498583,200 OK,200,
GET /anything,2024-02-12T12:51:11+01:00,296557500,148429541,146075958,2144875,200 OK,200,
GET /anything,2024-02-12T12:51:11+01:00,297550625,148453375,146080125,2149417,200 OK,200,
GET /,2024-02-12T12:51:11+01:00,295091625,147212458,144940708,2015917,200 OK,200,
GET /,2024-02-12T12:51:11+01:00,297759916,147246375,145642375,1441042,200 OK,200,
PUT /anything,2024-02-12T12:51:12+01:00,298687333,149940875,146743959,3061083,200 OK,200,
PUT /anything,2024-02-12T12:51:12+01:00,297988458,148978541,146823750,1896125,200 OK,200,
GET /anything,2024-02-12T12:51:12+01:00,298477000,148621417,146535584,1951959,200 OK,200,
GET /anything,2024-02-12T12:51:12+01:00,297519750,148336875,146265917,1924250,200 OK,200,
GET /,2024-02-12T12:51:12+01:00,297453584,147228834,145262500,1894625,200 OK,200,
PUT /anything,2024-02-12T12:51:12+01:00,294152667,146605667,144980750,1559334,200 OK,200,
PUT /anything,2024-02-12T12:51:12+01:00,297198625,147360208,146532417,781292,200 OK,200,
GET /,2024-02-12T12:51:12+01:00,584253666,147584000,145300917,2096292,200 OK,200,
GET /anything,2024-02-12T12:51:12+01:00,294636541,145877125,144904333,897500,200 OK,200,
GET /,2024-02-12T12:51:12+01:00,298864917,148013333,146463083,1474792,200 OK,200,
GET /,2024-02-12T12:51:12+01:00,298855333,147460417,146533500,873083,200 OK,200,
GET /anything,2024-02-12T12:51:12+01:00,298875625,148751083,147576500,1097250,200 OK,200,
PUT /anything,2024-02-12T12:51:12+01:00,295780542,147471459,146691375,724083,200 OK,200,
GET /anything,2024-02-12T12:51:13+01:00,293284958,146676083,145240625,1338958,200 OK,200,
GET /anything,2024-02-12T12:51:13+01:00,298051125,148062167,146623583,1330958,200 OK,200,
PUT /anything,2024-02-12T12:51:13+01:00,297307500,147283792,145911125,1312500,200 OK,200,
GET /,2024-02-12T12:51:13+01:00,297668834,146298250,145115792,1110542,200 OK,200,
PUT /anything,2024-02-12T12:51:13+01:00,295568333,147333916,145493542,1749417,200 OK,200,
PUT /anything,2024-02-12T12:51:13+01:00,297196084,147813167,146501167,1203000,200 OK,200,
GET /anything,2024-02-12T12:51:13+01:00,294400542,146200459,145471916,674416,200 OK,200,
GET /,2024-02-12T12:51:13+01:00,299969500,147288292,146325292,862667,200 OK,200,
GET /,2024-02-12T12:51:13+01:00,304782917,151493166,150520333,894250,200 OK,200,
GET /,2024-02-12T12:51:13+01:00,296733750,146702542,145311333,1291041,200 OK,200,
GET /anything,2024-02-12T12:51:13+01:00,299461750,149791125,148035333,1657208,200 OK,200,
PUT /anything,2024-02-12T12:51:13+01:00,300348500,149920416,148013708,1810791,200 OK,200,
GET /anything,2024-02-12T12:51:14+01:00,296478666,146553875,145628500,805000,200 OK,200,
GET /anything,2024-02-12T12:51:14+01:00,298253333,148185292,146251792,1741625,200 OK,200,
PUT /anything,2024-02-12T12:51:14+01:00,299185083,149805583,147797458,1792417,200 OK,200,
GET /,2024-02-12T12:51:14+01:00,300817791,149146958,147892375,1164167,200 OK,200,
PUT /anything,2024-02-12T12:51:14+01:00,299142625,149161209,146848375,2175209,200 OK,200,
PUT /anything,2024-02-12T12:51:14+01:00,297242791,147198125,145978625,1096875,200 OK,200,
GET /anything,2024-02-12T12:51:14+01:00,295480167,146596417,145511375,1006166,200 OK,200,
GET /,2024-02-12T12:51:14+01:00,297879083,148503959,147545792,808666,200 OK,200,
GET /,2024-02-12T12:51:14+01:00,299764000,147416916,145376459,1852084,200 OK,200,
GET /,2024-02-12T12:51:14+01:00,302701042,152805500,151509625,1069708,200 OK,200,
GET /anything,2024-02-12T12:51:14+01:00,297952500,148495375,146015625,2344500,200 OK,200,
PUT /anything,2024-02-12T12:51:14+01:00,298016917,148503500,145761958,2612083,200 OK,200,
GET /anything,2024-02-12T12:51:14+01:00,296775750,146549166,144949583,1473459,200 OK,200,
GET /anything,2024-02-12T12:51:14+01:00,296392792,147328500,145667958,1522333,200 OK,200,
PUT /anything,2024-02-12T12:51:15+01:00,301099958,148504209,147629417,811625,200 OK,200,
GET /,2024-02-12T12:51:15+01:00,301115958,148514334,147618417,798417,200 OK,200,
PUT /anything,2024-02-12T12:51:15+01:00,294672833,146878584,145361791,1334208,200 OK,200,
PUT /anything,2024-02-12T12:51:15+01:00,296650958,147109667,145533792,1406166,200 OK,200,
GET /anything,2024-02-12T12:51:15+01:00,294934583,147469459,145820250,1557959,200 OK,200,
GET /,2024-02-12T12:51:15+01:00,301148792,148112417,147096958,894417,200 OK,200,
GET /,2024-02-12T12:51:15+01:00,299424542,147221041,145513917,1534458,200 OK,200,
GET /,2024-02-12T12:51:15+01:00,563256750,147491209,145834750,1556000,200 OK,200,
PUT /anything,2024-02-12T12:51:15+01:00,294509375,146912416,145610500,1156833,200 OK,200,
GET /anything,2024-02-12T12:51:15+01:00,295103917,148320791,145884584,2259000,200 OK,200,
GET /anything,2024-02-12T12:51:15+01:00,296793750,147887250,145808125,1945375,200 OK,200,
GET /anything,2024-02-12T12:51:15+01:00,293745791,147107125,145859083,1147166,200 OK,200,
GET /,2024-02-12T12:51:15+01:00,302600750,147461208,145626000,1726875,200 OK,200,
PUT /anything,2024-02-12T12:51:16+01:00,331060875,147170167,145603666,1481375,200 OK,200,
PUT /anything,2024-02-12T12:51:16+01:00,294832292,147413917,146268000,1028875,200 OK,200,
GET /anything,2024-02-12T12:51:16+01:00,297823542,148584250,145567500,2817917,200 OK,200,
PUT /anything,2024-02-12T12:51:16+01:00,666525208,145843792,144866708,866583,200 OK,200,
GET /,2024-02-12T12:51:16+01:00,298898541,147665333,145114791,2413667,200 OK,200,
GET /,2024-02-12T12:51:16+01:00,299649375,147341458,145663916,1563292,200 OK,200,
PUT /anything,2024-02-12T12:51:16+01:00,297063916,147185583,145271000,1818625,200 OK,200,
GET /,2024-02-12T12:51:16+01:00,294759625,146692417,145038959,1506750,200 OK,200,
GET /,2024-02-12T12:51:16+01:00,302193583,147305542,145526708,1690292,200 OK,200,
GET /anything,2024-02-12T12:51:16+01:00,488443125,147055208,145574833,1387041,200 OK,200,
GET /anything,2024-02-12T12:51:16+01:00,473477125,147794875,146287167,1423875,200 OK,200,
GET /anything,2024-02-12T12:51:17+01:00,296598834,148326458,146495750,1696750,200 OK,200,
GET /anything,2024-02-12T12:51:17+01:00,293329708,147079000,145416250,1558833,200 OK,200,
PUT /anything,2024-02-12T12:51:17+01:00,295103958,146821583,145040792,1696916,200 OK,200,
PUT /anything,2024-02-12T12:51:17+01:00,296327709,147401333,146217250,976959,200 OK,200,
PUT /anything,2024-02-12T12:51:17+01:00,293255291,146685417,145408166,1155250,200 OK,200,
GET /,2024-02-12T12:51:17+01:00,298208125,146705333,145518542,1058875,200 OK,200,
PUT /anything,2024-02-12T12:51:17+01:00,631057125,145627375,144727166,792209,200 OK,200,
GET /,2024-02-12T12:51:17+01:00,297021292,147681000,146109375,1455292,200 OK,200,
GET /,2024-02-12T12:51:17+01:00,292770916,145674750,144798709,787417,200 OK,200,
GET /anything,2024-02-12T12:51:17+01:00,296583375,146950708,145209791,1621583,200 OK,200,
GET /,2024-02-12T12:51:17+01:00,296161583,145820750,145149750,610083,200 OK,200,
GET /anything,2024-02-12T12:51:17+01:00,292732667,146241334,145357125,793375,200 OK,200,
GET /anything,2024-02-12T12:51:18+01:00,293336500,146240458,145402500,764375,200 OK,200,
PUT /anything,2024-02-12T12:51:18+01:00,295089292,146050417,145106166,822042,200 OK,200,
GET /anything,2024-02-12T12:51:18+01:00,297307792,147541875,145743625,1696000,200 OK,200,
PUT /anything,2024-02-12T12:51:18+01:00,322829375,145742208,144839750,820333,200 OK,200,
PUT /anything,2024-02-12T12:51:18+01:00,296067041,147228584,146354500,801875,200 OK,200,
GET /,2024-02-12T12:51:18+01:00,299063375,147459458,145804042,1549708,200 OK,200,
PUT /anything,2024-02-12T12:51:18+01:00,296342375,148397750,146576333,1713625,200 OK,200,
GET /,2024-02-12T12:51:18+01:00,297290625,147564083,145689833,1763792,200 OK,200,
GET /,2024-02-12T12:51:18+01:00,301955708,150956750,149166208,1658083,200 OK,200,
GET /anything,2024-02-12T12:51:18+01:00,293932000,146680125,144887375,1680042,200 OK,200,
GET /,2024-02-12T12:51:18+01:00,296367750,147543708,146660417,766167,200 OK,200,
GET /anything,2024-02-12T12:51:18+01:00,295458125,146275209,145349750,829458,200 OK,200,
GET /anything,2024-02-12T12:51:18+01:00,294230333,147624834,145435917,2081458,200 OK,200,
PUT /anything,2024-02-12T12:51:19+01:00,297121375,147108833,146166416,835417,200 OK,200,
GET /anything,2024-02-12T12:51:19+01:00,293513000,145957209,145148708,734458,200 OK,200,
PUT /anything,2024-02-12T12:51:19+01:00,297048583,146915709,145324584,1475542,200 OK,200,
PUT /anything,2024-02-12T12:51:19+01:00,297041250,147415167,145772000,1523083,200 OK,200,
GET /,2024-02-12T12:51:19+01:00,297961042,148826792,146766916,1920000,200 OK,200,
PUT /anything,2024-02-12T12:51:19+01:00,294954750,146696792,145602583,1007542,200 OK,200,
GET /,2024-02-12T12:51:19+01:00,299894250,148040750,145543292,2273166,200 OK,200,
GET /,2024-02-12T12:51:19+01:00,302005708,149420459,148205708,1117416,200 OK,200,
GET /anything,2024-02-12T12:51:19+01:00,296635208,147047125,145841208,1114500,200 OK,200,
GET /,2024-02-12T12:51:19+01:00,296596292,146112625,145326584,710500,200 OK,200,
GET /anything,2024-02-12T12:51:19+01:00,296456042,147006458,146059208,873291,200 OK,200,
GET /anything,2024-02-12T12:51:19+01:00,294459000,146910583,145749292,975584,200 OK,200,
PUT /anything,2024-02-12T12:51:19+01:00,297337000,147145000,146257041,814875,200 OK,200,
GET /anything,2024-02-12T12:51:19+01:00,292092792,145832750,145119125,654333,200 OK,200,
PUT /anything,2024-02-12T12:51:20+01:00,293930084,147141500,145215333,1823625,200 OK,200,
PUT /anything,2024-02-12T12:51:20+01:00,294972041,146482209,145572542,826958,200 OK,200,
GET /,2024-02-12T12:51:20+01:00,298991291,146818792,144982875,1696292,200 OK,200,
GET /,2024-02-12T12:51:20+01:00,298228834,147483916,145696875,1605708,200 OK,200,
GET /,2024-02-12T12:51:20+01:00,302139708,148221042,146384959,1737959,200 OK,200,
PUT /anything,2024-02-12T12:51:20+01:00,494881250,146760833,145319958,1319916,200 OK,200,
GET /anything,2024-02-12T12:51:20+01:00,297769250,148363666,147395916,858375,200 OK,200,
GET /anything,2024-02-12T12:51:20+01:00,297371125,147541125,146294917,1126667,200 OK,200,
GET /anything,2024-02-12T12:51:20+01:00,293833625,146954500,145637958,1234916,200 OK,200,
GET /,2024-02-12T12:51:20+01:00,297043834,147137000,145595834,1391708,200 OK,200,
PUT /anything,2024-02-12T12:51:20+01:00,296544750,147347333,145699833,1462875,200 OK,200,
PUT /anything,2024-02-12T12:51:20+01:00,300255208,147744041,146031375,1577458,200 OK,200,
PUT /anything,2024-02-12T12:51:21+01:00,296429500,146894166,145448708,1341959,200 OK,200,
GET /,2024-02-12T12:51:21+01:00,299458917,147746708,145926708,1685875,200 OK,200,
GET /,2024-02-12T12:51:21+01:00,300925584,147598875,145929834,1516625,200 OK,200,
GET /,2024-02-12T12:51:21+01:00,298485292,149738625,148301542,1337125,200 OK,200,
GET /anything,2024-02-12T12:51:21+01:00,545007708,148057666,146850375,1074708,200 OK,200,
GET /anything,2024-02-12T12:51:21+01:00,295268583,146981667,145168750,1679708,200 OK,200,
GET /anything,2024-02-12T12:51:21+01:00,296674042,146918791,146029959,785875,200 OK,200,
GET /anything,2024-02-12T12:51:21+01:00,296976000,146995500,146148334,786667,200 OK,200,
PUT /anything,2024-02-12T12:51:21+01:00,292962875,145674875,144866375,725083,200 OK,200,
PUT /anything,2024-02-12T12:51:21+01:00,298444541,147288167,146390166,788042,200 OK,200,
PUT /anything,2024-02-12T12:51:21+01:00,296887458,146749833,145891083,778542,200 OK,200,
GET /,2024-02-12T12:51:21+01:00,294324750,146714834,145284708,1341000,200 OK,200,
PUT /anything,2024-02-12T12:51:21+01:00,592456625,149099583,147784333,1214917,200 OK,200,
GET /anything,2024-02-12T12:51:22+01:00,296410959,147478500,145670000,1663042,200 OK,200,
GET /,2024-02-12T12:51:22+01:00,298072334,147341125,145956167,1320250,200 OK,200,
GET /,2024-02-12T12:51:22+01:00,297121666,147640708,146688375,810916,200 OK,200,
GET /,2024-02-12T12:51:22+01:00,589612125,147303459,146436959,777000,200 OK,200,
GET /anything,2024-02-12T12:51:22+01:00,294839084,146821125,145914125,809959,200 OK,200,
PUT /anything,2024-02-12T12:51:22+01:00,295105000,146816583,145934917,805375,200 OK,200,
GET /anything,2024-02-12T12:51:22+01:00,297129208,148111875,147153500,876542,200 OK,200,
GET /anything,2024-02-12T12:51:22+01:00,299396125,148366000,147279459,964875,200 OK,200,
GET /,2024-02-12T12:51:22+01:00,297883750,146085083,145471791,542667,200 OK,200,
PUT /anything,2024-02-12T12:51:22+01:00,393252916,242981500,242089292,792334,200 OK,200,
PUT /anything,2024-02-12T12:51:22+01:00,297901833,147746209,145622041,2001750,200 OK,200,
PUT /anything,2024-02-12T12:51:23+01:00,296550375,146726916,145511709,1120959,200 OK,200,
GET /anything,2024-02-12T12:51:23+01:00,296779792,146223542,145151708,995000,200 OK,200,
GET /,2024-02-12T12:51:23+01:00,301184667,148329167,146501000,1696334,200 OK,200,
GET /,2024-02-12T12:51:23+01:00,298694875,148979083,147849750,1018292,200 OK,200,
PUT /anything,2024-02-12T12:51:23+01:00,297300208,147106375,145653917,1286084,200 OK,200,
GET /,2024-02-12T12:51:23+01:00,404324459,149913208,147828500,1892791,200 OK,200,
GET /anything,2024-02-12T12:51:23+01:00,296672125,147635625,145146541,2301291,200 OK,200,
GET /anything,2024-02-12T12:51:23+01:00,295048708,148284917,146291333,1831583,200 OK,200,
GET /,2024-02-12T12:51:23+01:00,296790333,147538125,145521792,1876166,200 OK,200,
GET /anything,2024-02-12T12:51:23+01:00,297400959,147427917,146315833,1019625,200 OK,200,
PUT /anything,2024-02-12T12:51:23+01:00,338401000,147422208,146239167,1060833,200 OK,200,
PUT /anything,2024-02-12T12:51:23+01:00,296780250,147320625,146160959,1001916,200 OK,200,
GET /anything,2024-02-12T12:51:23+01:00,295174916,147229250,145674583,1431292,200 OK,200,
PUT /anything,2024-02-12T12:51:24+01:00,297245500,147210583,145694959,1366667,200 OK,200,
GET /,2024-02-12T12:51:24+01:00,299045916,147882416,146098417,1633667,200 OK,200,
GET /,2024-02-12T12:51:24+01:00,298092959,147678833,146559417,1002583,200 OK,200,
PUT /anything,2024-02-12T12:51:24+01:00,296411291,148429584,146153875,2064167,200 OK,200,
GET /,2024-02-12T12:51:24+01:00,298128292,147615167,146320208,1165917,200 OK,200,
GET /anything,2024-02-12T12:51:24+01:00,293935167,147066125,145420292,1520375,200 OK,200,
GET /anything,2024-02-12T12:51:24+01:00,300204583,151437750,145027458,6302417,200 OK,200,
GET /,2024-02-12T12:51:24+01:00,301010541,146287333,145169750,1022250,200 OK,200,
GET /anything,2024-02-12T12:51:24+01:00,297346375,147976167,147044084,808583,200 OK,200,
PUT /anything,2024-02-12T12:51:24+01:00,298692083,148237041,147583500,609416,200 OK,200,
PUT /anything,2024-02-12T12:51:24+01:00,301846834,150110167,149203834,835958,200 OK,200,
GET /anything,2024-02-12T12:51:24+01:00,295277708,146548750,145601375,866167,200 OK,200,
PUT /anything,2024-02-12T12:51:24+01:00,296645875,147565625,146595917,867417,200 OK,200,
GET /,2024-02-12T12:51:25+01:00,300753917,149356583,148458000,814833,200 OK,200,
GET /,2024-02-12T12:51:25+01:00,299500166,148111209,147650000,426125,200 OK,200,
PUT /anything,2024-02-12T12:51:25+01:00,294208750,145743208,144771250,845875,200 OK,200,
GET /,2024-02-12T12:51:25+01:00,299596458,147751209,145776833,1594708,200 OK,200,
GET /anything,2024-02-12T12:51:25+01:00,294182292,147426000,146391500,916542,200 OK,200,
GET /anything,2024-02-12T12:51:25+01:00,294719708,147457208,146435792,829833,200 OK,200,
GET /,2024-02-12T12:51:25+01:00,302237708,148109291,146314500,1620083,200 OK,200,
GET /anything,2024-02-12T12:51:25+01:00,297314708,148392875,146573792,1638542,200 OK,200,
PUT /anything,2024-02-12T12:51:25+01:00,297900334,150400458,148412250,1886875,200 OK,200,
PUT /anything,2024-02-12T12:51:25+01:00,299368584,150915917,148407792,2378958,200 OK,200,
GET /anything,2024-02-12T12:51:25+01:00,294517084,146045834,145013834,942500,200 OK,200,
PUT /anything,2024-02-12T12:51:25+01:00,297302667,147796500,146314667,1355084,200 OK,200,
GET /,2024-02-12T12:51:25+01:00,295856833,146982875,145805583,1079750,200 OK,200,
GET /,2024-02-12T12:51:25+01:00,296630625,146083833,145802958,222708,200 OK,200,
PUT /anything,2024-02-12T12:51:26+01:00,295367125,146024583,145109083,821875,200 OK,200,
GET /anything,2024-02-12T12:51:26+01:00,294527667,147115334,146014708,1020833,200 OK,200,
GET /anything,2024-02-12T12:51:26+01:00,293591291,146842042,146173375,596875,200 OK,200,
GET /,2024-02-12T12:51:26+01:00,472430417,147126083,145825333,1201334,200 OK,200,
GET /,2024-02-12T12:51:26+01:00,298092750,147147875,145305333,1661708,200 OK,200,
PUT /anything,2024-02-12T12:51:26+01:00,298671750,149195875,147437917,1606667,200 OK,200,
PUT /anything,2024-02-12T12:51:26+01:00,300741916,149935792,147441750,2305750,200 OK,200,
GET /anything,2024-02-12T12:51:26+01:00,300207750,149356208,147005916,2168334,200 OK,200,
GET /anything,2024-02-12T12:51:26+01:00,299230333,148400500,145942583,2278291,200 OK,200,
PUT /anything,2024-02-12T12:51:26+01:00,294261250,147569458,145626375,1755250,200 OK,200,
GET /,2024-02-12T12:51:26+01:00,492378917,148480833,146029625,2310667,200 OK,200,
GET /,2024-02-12T12:51:26+01:00,491148125,147130000,145937667,1039334,200 OK,200,
PUT /anything,2024-02-12T12:51:26+01:00,504037167,147322125,145222791,1922084,200 OK,200,
GET /,2024-02-12T12:51:27+01:00,299586958,148070333,145611375,2277542,200 OK,200,
GET /anything,2024-02-12T12:51:27+01:00,299237000,148799708,147023583,1601416,200 OK,200,
GET /anything,2024-02-12T12:51:27+01:00,299526709,148849917,147098333,1594625,200 OK,200,
GET /,2024-02-12T12:51:27+01:00,297973500,146320458,145382917,835541,200 OK,200,
GET /anything,2024-02-12T12:51:27+01:00,296098167,147673917,146786167,812625,200 OK,200,
PUT /anything,2024-02-12T12:51:27+01:00,298392875,148725583,147241917,1395250,200 OK,200,
GET /anything,2024-02-12T12:51:27+01:00,293614084,146691542,145728583,840042,200 OK,200,
PUT /anything,2024-02-12T12:51:27+01:00,368539292,147750667,146023625,1591541,200 OK,200,
GET /,2024-02-12T12:51:27+01:00,300410334,147287375,145793125,1320417,200 OK,200,
PUT /anything,2024-02-12T12:51:27+01:00,612229333,148914916,147262542,1550958,200 OK,200,
PUT /anything,2024-02-12T12:51:28+01:00,296605917,147746667,145451083,2131208,200 OK,200,
GET /anything,2024-02-12T12:51:28+01:00,294054291,147767917,145970750,1664417,200 OK,200,
PUT /anything,2024-02-12T12:51:28+01:00,297397292,146603625,145008500,1477667,200 OK,200,
GET /,2024-02-12T12:51:28+01:00,699173000,145827083,144998041,753375,200 OK,200,
GET /,2024-02-12T12:51:28+01:00,836586333,147975917,145959334,1757125,200 OK,200,
GET /,2024-02-12T12:51:28+01:00,662255041,146981375,144984208,1831084,200 OK,200,
GET /,2024-02-12T12:51:28+01:00,299788334,148101625,146139291,1780584,200 OK,200,
GET /anything,2024-02-12T12:51:28+01:00,297245542,147480459,145679917,1597333,200 OK,200,
GET /anything,2024-02-12T12:51:29+01:00,295057833,147585375,146415833,1044625,200 OK,200,
PUT /anything,2024-02-12T12:51:29+01:00,298313167,148009334,146969833,960167,200 OK,200,
PUT /anything,2024-02-12T12:51:29+01:00,293482625,145732292,144784084,829750,200 OK,200,
GET /anything,2024-02-12T12:51:28+01:00,705263416,148275875,146441625,1664542,200 OK,200,
GET /anything,2024-02-12T12:51:29+01:00,527131708,147990750,145609875,2234500,200 OK,200,
GET /,2024-02-12T12:51:29+01:00,296775292,147186042,145218042,1847666,200 OK,200,
GET /,2024-02-12T12:51:29+01:00,296520917,147017333,145745250,1180583,200 OK,200,
PUT /anything,2024-02-12T12:51:29+01:00,292331125,145910083,144880250,987750,200 OK,200,
PUT /anything,2024-02-12T12:51:29+01:00,406182208,146046875,145309250,681541,200 OK,200,
GET /anything,2024-02-12T12:51:29+01:00,294126667,147244625,145775292,1347458,200 OK,200,
GET /anything,2024-02-12T12:51:29+01:00,291879833,145717750,144983167,664250,200 OK,200,
GET /,2024-02-12T12:51:29+01:00,293842209,145655542,144679541,873584,200 OK,200,
GET /,2024-02-12T12:51:30+01:00,412844333,147582125,145981750,1520334,200 OK,200,
PUT /anything,2024-02-12T12:51:30+01:00,296402000,147476625,145785750,1582709,200 OK,200,
PUT /anything,2024-02-12T12:51:30+01:00,292132958,145644041,144933959,652375,200 OK,200,
GET /anything,2024-02-12T12:51:30+01:00,294501292,147119667,146073083,939458,200 OK,200,
GET /anything,2024-02-12T12:51:30+01:00,298125250,148466500,146631167,1643708,200 OK,200,
GET /,2024-02-12T12:51:30+01:00,298236667,148831042,146812709,1893333,200 OK,200,
GET /,2024-02-12T12:51:30+01:00,296572750,147532750,146333042,1104000,200 OK,200,
PUT /anything,2024-02-12T12:51:30+01:00,298082583,147587958,145828750,1603834,200 OK,200,
GET /anything,2024-02-12T12:51:30+01:00,296007625,148398333,147497167,760083,200 OK,200,
GET /anything,2024-02-12T12:51:30+01:00,313465250,147878292,146597458,1168000,200 OK,200,
GET /,2024-02-12T12:51:31+01:00,298403958,148285167,146561625,1562958,200 OK,200,
PUT /anything,2024-02-12T12:51:31+01:00,295923417,146977667,145118791,1721500,200 OK,200,
PUT /anything,2024-02-12T12:51:31+01:00,452118375,146539041,145105208,1334834,200 OK,200,
GET /anything,2024-02-12T12:51:31+01:00,296936375,148635834,146848583,1472958,200 OK,200,
GET /,2024-02-12T12:51:31+01:00,297744209,147378500,145745708,1519167,200 OK,200,
PUT /anything,2024-02-12T12:51:30+01:00,1295830542,1149565666,1148140666,1322417,200 OK,200,
GET /,2024-02-12T12:51:31+01:00,296395459,147421250,145659416,1614000,200 OK,200,
PUT /anything,2024-02-12T12:51:31+01:00,294843958,147263291,145501167,1571791,200 OK,200,
GET /anything,2024-02-12T12:51:31+01:00,297301167,147740417,146048167,1526083,200 OK,200,
GET /,2024-02-12T12:51:31+01:00,294536208,147481750,145689958,1633666,200 OK,200,
GET /anything,2024-02-12T12:51:31+01:00,295817250,147184167,145580083,1424084,200 OK,200,
GET /,2024-02-12T12:51:31+01:00,300100042,147489000,145774791,1550333,200 OK,200,
PUT /anything,2024-02-12T12:51:31+01:00,295125125,146912208,145239500,1518292,200 OK,200,
GET /anything,2024-02-12T12:51:32+01:00,293755792,145929041,144859417,970625,200 OK,200,
PUT /anything,2024-02-12T12:51:32+01:00,294376375,147204583,146314125,779083,200 OK,200,
GET /anything,2024-02-12T12:51:32+01:00,296891750,147514625,145784958,1601875,200 OK,200,
GET /,2024-02-12T12:51:32+01:00,299136584,147776125,145736000,1901875,200 OK,200,
PUT /anything,2024-02-12T12:51:32+01:00,293936666,147256333,145576458,1522541,200 OK,200,
GET /,2024-02-12T12:51:32+01:00,297013500,147819958,146026208,1666250,200 OK,200,
PUT /anything,2024-02-12T12:51:32+01:00,297612333,149123791,146982625,1940250,200 OK,200,
GET /anything,2024-02-12T12:51:32+01:00,297819208,147918833,146203750,1568083,200 OK,200,
GET /,2024-02-12T12:51:32+01:00,296439958,146569125,144918125,1506375,200 OK,200,
GET /anything,2024-02-12T12:51:32+01:00,294419042,147286208,145486750,1664708,200 OK,200,
GET /,2024-02-12T12:51:32+01:00,296911875,147686833,146039917,1486417,200 OK,200,
PUT /anything,2024-02-12T12:51:32+01:00,297214166,146822084,145759500,907667,200 OK,200,
GET /anything,2024-02-12T12:51:32+01:00,294165375,147066333,145265208,1676292,200 OK,200,
PUT /anything,2024-02-12T12:51:33+01:00,294588709,146632125,145298458,1211417,200 OK,200,
GET /anything,2024-02-12T12:51:33+01:00,298470375,148938292,146644417,2080792,200 OK,200,
GET /,2024-02-12T12:51:33+01:00,297385833,147847291,145978917,1621292,200 OK,200,
GET /,2024-02-12T12:51:33+01:00,297138542,146797791,144874042,1785125,200 OK,200,
PUT /anything,2024-02-12T12:51:33+01:00,298741667,147835916,145961000,1704250,200 OK,200,
PUT /anything,2024-02-12T12:51:33+01:00,473176291,147857417,145799583,1873292,200 OK,200,
GET /anything,2024-02-12T12:51:33+01:00,296551833,147437958,146596875,762209,200 OK,200,
GET /anything,2024-02-12T12:51:33+01:00,296544125,148456084,145711708,2572458,200 OK,200,
GET /,2024-02-12T12:51:33+01:00,300349458,147824417,145741041,1874208,200 OK,200,
GET /,2024-02-12T12:51:33+01:00,299744167,147481750,145970000,1389542,200 OK,200,
PUT /anything,2024-02-12T12:51:33+01:00,293374583,145974917,145210834,696958,200 OK,200,
PUT /anything,2024-02-12T12:51:33+01:00,295534709,147482750,145415125,1913041,200 OK,200,
GET /anything,2024-02-12T12:51:34+01:00,297720541,148413084,146463250,1771291,200 OK,200,
GET /,2024-02-12T12:51:34+01:00,296703375,146850917,146214666,581459,200 OK,200,
GET /,2024-02-12T12:51:34+01:00,298300792,146985584,145112625,1532834,200 OK,200,
PUT /anything,2024-02-12T12:51:34+01:00,298794250,148092500,145949834,1932125,200 OK,200,
GET /anything,2024-02-12T12:51:34+01:00,576211833,147347250,145791542,1399041,200 OK,200,
GET /anything,2024-02-12T12:51:34+01:00,297217125,147596667,145746958,1693084,200 OK,200,
GET /anything,2024-02-12T12:51:34+01:00,293295584,147171375,145532291,1514250,200 OK,200,
GET /,2024-02-12T12:51:34+01:00,298532875,147524750,145694375,1663750,200 OK,200,
PUT /anything,2024-02-12T12:51:34+01:00,296320709,147511167,146216875,1186917,200 OK,200,
PUT /anything,2024-02-12T12:51:34+01:00,295473458,147478250,145732084,1608792,200 OK,200,
PUT /anything,2024-02-12T12:51:34+01:00,295911083,146787291,145157333,1350292,200 OK,200,
GET /,2024-02-12T12:51:34+01:00,294888875,145524750,144801416,666708,200 OK,200,
GET /anything,2024-02-12T12:51:34+01:00,302001291,148603916,146143208,2305125,200 OK,200,
GET /,2024-02-12T12:51:34+01:00,297504041,147558291,145691042,1778166,200 OK,200,
GET /,2024-02-12T12:51:35+01:00,296562708,146866042,145717667,1029666,200 OK,200,
GET /anything,2024-02-12T12:51:35+01:00,299163250,148208708,145149208,2916583,200 OK,200,
PUT /anything,2024-02-12T12:51:35+01:00,297909333,146974709,145197875,1651208,200 OK,200,
GET /anything,2024-02-12T12:51:35+01:00,297216584,147653959,145387583,2081000,200 OK,200,
GET /,2024-02-12T12:51:35+01:00,301025625,148675625,146965750,1588917,200 OK,200,
PUT /anything,2024-02-12T12:51:35+01:00,301092417,148681375,146956541,1593042,200 OK,200,
PUT /anything,2024-02-12T12:51:35+01:00,297760792,147850250,145565125,2108709,200 OK,200,
GET /anything,2024-02-12T12:51:35+01:00,848568625,147448875,145843417,1493084,200 OK,200,
GET /anything,2024-02-12T12:51:35+01:00,297659541,148571458,146987583,1448625,200 OK,200,
GET /,2024-02-12T12:51:35+01:00,302230542,148565917,146971208,1447166,200 OK,200,
GET /,2024-02-12T12:51:35+01:00,299472625,148096291,145795416,2072167,200 OK,200,
PUT /anything,2024-02-12T12:51:36+01:00,297880875,147859416,146138500,1560708,200 OK,200,
PUT /anything,2024-02-12T12:51:36+01:00,299511583,148092833,146285000,1627708,200 OK,200,
GET /anything,2024-02-12T12:51:36+01:00,295509959,146845542,145692583,1055541,200 OK,200,
GET /anything,2024-02-12T12:51:36+01:00,296677042,147234375,145316916,1756042,200 OK,200,
GET /,2024-02-12T12:51:36+01:00,299823000,147729583,145560334,2010208,200 OK,200,
GET /,2024-02-12T12:51:36+01:00,300598958,148466791,147384333,969459,200 OK,200,
PUT /anything,2024-02-12T12:51:36+01:00,300105458,147923500,147384291,455708,200 OK,200,
PUT /anything,2024-02-12T12:51:36+01:00,295187042,147823458,146016792,1624083,200 OK,200,
GET /anything,2024-02-12T12:51:36+01:00,297762167,148192000,146533750,1479750,200 OK,200,
GET /,2024-02-12T12:51:36+01:00,299792625,148099083,146742166,1244625,200 OK,200,
GET /anything,2024-02-12T12:51:36+01:00,299924208,148122375,146612583,1349375,200 OK,200,
GET /,2024-02-12T12:51:36+01:00,297707833,148654125,146161584,2291416,200 OK,200,
PUT /anything,2024-02-12T12:51:36+01:00,296308916,147740750,145400625,2171041,200 OK,200,
GET /anything,2024-02-12T12:51:36+01:00,297442709,147225750,145350125,1746375,200 OK,200,
PUT /anything,2024-02-12T12:51:36+01:00,297816958,147146459,145354709,1694958,200 OK,200,
GET /anything,2024-02-12T12:51:37+01:00,296757917,147546125,145716000,1660917,200 OK,200,
GET /,2024-02-12T12:51:37+01:00,298014625,148801709,146378292,2202917,200 OK,200,
PUT /anything,2024-02-12T12:51:37+01:00,295615000,148518875,145900333,2379584,200 OK,200,
GET /,2024-02-12T12:51:37+01:00,296699084,148174541,146396167,1696334,200 OK,200,
PUT /anything,2024-02-12T12:51:37+01:00,294265417,148148792,145583792,2365917,200 OK,200,
GET /anything,2024-02-12T12:51:37+01:00,295768167,147927125,145361500,2405833,200 OK,200,
GET /,2024-02-12T12:51:37+01:00,299861625,149206333,147154083,1941750,200 OK,200,
GET /,2024-02-12T12:51:37+01:00,298407375,146165834,145162083,916959,200 OK,200,
GET /anything,2024-02-12T12:51:37+01:00,484089917,147709750,147112833,460042,200 OK,200,
PUT /anything,2024-02-12T12:51:37+01:00,298092791,148032667,146960833,948209,200 OK,200,
GET /anything,2024-02-12T12:51:37+01:00,295586250,149010625,147685458,1196417,200 OK,200,
GET /anything,2024-02-12T12:51:38+01:00,293738750,147078708,145540166,1394167,200 OK,200,
PUT /anything,2024-02-12T12:51:38+01:00,297218958,147077500,145906708,1079084,200 OK,200,
PUT /anything,2024-02-12T12:51:38+01:00,296122959,147922916,146586500,1230083,200 OK,200,
PUT /anything,2024-02-12T12:51:38+01:00,295030000,147036333,145401583,1478709,200 OK,200,
GET /,2024-02-12T12:51:38+01:00,299348125,147077583,145327333,1601458,200 OK,200,
GET /,2024-02-12T12:51:38+01:00,665373708,147675542,145908292,1576500,200 OK,200,
GET /,2024-02-12T12:51:38+01:00,296508458,147744041,145366750,2157416,200 OK,200,
GET /,2024-02-12T12:51:38+01:00,483397209,148143750,145746416,2207125,200 OK,200,
GET /anything,2024-02-12T12:51:38+01:00,296322208,147414416,146027208,1274583,200 OK,200,
GET /anything,2024-02-12T12:51:38+01:00,296445542,149026875,147616375,1320833,200 OK,200,
GET /anything,2024-02-12T12:51:38+01:00,296922791,147953375,146171625,1535375,200 OK,200,
PUT /anything,2024-02-12T12:51:38+01:00,296883125,146512833,145283125,1137125,200 OK,200,
GET /anything,2024-02-12T12:51:38+01:00,300427250,148364458,147175958,1050916,200 OK,200,
PUT /anything,2024-02-12T12:51:39+01:00,300524541,150386958,149059917,1209042,200 OK,200,
PUT /anything,2024-02-12T12:51:39+01:00,296766916,148035583,146268875,1555666,200 OK,200,
GET /,2024-02-12T12:51:39+01:00,298426792,149296167,147630875,1529500,200 OK,200,
PUT /anything,2024-02-12T12:51:39+01:00,298424125,149379459,147772125,1533375,200 OK,200,
GET /,2024-02-12T12:51:39+01:00,300103708,148277500,145560458,2523875,200 OK,200,
GET /,2024-02-12T12:51:39+01:00,303124375,150715875,148754833,1790125,200 OK,200,
GET /anything,2024-02-12T12:51:39+01:00,297044625,146679500,145577500,1007666,200 OK,200,
GET /,2024-02-12T12:51:39+01:00,299200542,146655542,145562167,1017417,200 OK,200,
GET /anything,2024-02-12T12:51:39+01:00,295679209,147684625,145762416,1513084,200 OK,200,
GET /anything,2024-02-12T12:51:39+01:00,294177125,147454917,145732125,1535750,200 OK,200,
GET /anything,2024-02-12T12:51:39+01:00,293577667,146698583,145350375,880333,200 OK,200,
PUT /anything,2024-02-12T12:51:39+01:00,556836708,148423375,147304833,1018083,200 OK,200,
PUT /anything,2024-02-12T12:51:40+01:00,297998459,147875583,145967250,1725833,200 OK,200,
PUT /anything,2024-02-12T12:51:40+01:00,298158667,148398667,147349625,944083,200 OK,200,
PUT /anything,2024-02-12T12:51:40+01:00,485201667,146664208,144898000,1619416,200 OK,200,
GET /,2024-02-12T12:51:40+01:00,300943917,149975667,145634000,4101083,200 OK,200,
GET /,2024-02-12T12:51:40+01:00,500201375,149373291,146078875,3114667,200 OK,200,
GET /,2024-02-12T12:51:40+01:00,583507583,147938500,146509084,1312125,200 OK,200,
GET /anything,2024-02-12T12:51:40+01:00,295525292,148387166,146460791,1734875,200 OK,200,
GET /,2024-02-12T12:51:40+01:00,685412542,148197042,145948791,2069959,200 OK,200,
GET /anything,2024-02-12T12:51:40+01:00,295818208,147392209,145700500,1531833,200 OK,200,
GET /anything,2024-02-12T12:51:41+01:00,294207750,147169542,146017042,1033667,200 OK,200,
PUT /anything,2024-02-12T12:51:41+01:00,297160833,147524750,145639458,1744791,200 OK,200,
GET /anything,2024-02-12T12:51:41+01:00,296143167,147403208,146193833,1087416,200 OK,200,
PUT /anything,2024-02-12T12:51:41+01:00,296385834,147151625,145493791,1497292,200 OK,200,
PUT /anything,2024-02-12T12:51:41+01:00,296132042,146952667,145747750,1086084,200 OK,200,
GET /,2024-02-12T12:51:41+01:00,300580417,147888416,146421083,1325250,200 OK,200,
PUT /anything,2024-02-12T12:51:41+01:00,293775917,146508291,144865416,1509917,200 OK,200,
GET /,2024-02-12T12:51:41+01:00,299782167,147738125,146428292,1178542,200 OK,200,
GET /,2024-02-12T12:51:41+01:00,331272125,147010042,146002875,883500,200 OK,200,
GET /anything,2024-02-12T12:51:41+01:00,296836084,148213834,146571583,1489417,200 OK,200,
GET /,2024-02-12T12:51:41+01:00,300188000,147864542,145617333,2091167,200 OK,200,
GET /anything,2024-02-12T12:51:41+01:00,297571125,147929958,145726666,1944875,200 OK,200,
GET /anything,2024-02-12T12:51:41+01:00,297777042,147883208,146019875,1708958,200 OK,200,
PUT /anything,2024-02-12T12:51:41+01:00,292127375,145600291,144640500,826834,200 OK,200,
GET /anything,2024-02-12T12:51:41+01:00,297712042,149258958,147022209,2048000,200 OK,200,
PUT /anything,2024-02-12T12:51:42+01:00,297103625,147408541,145588625,1625083,200 OK,200,
GET /,2024-02-12T12:51:42+01:00,297281000,146903916,145215542,1555958,200 OK,200,
PUT /anything,2024-02-12T12:51:42+01:00,304505084,147985291,145273166,2527667,200 OK,200,
PUT /anything,2024-02-12T12:51:42+01:00,301038500,153898875,145377958,8333125,200 OK,200,
GET /,2024-02-12T12:51:42+01:00,296963416,147173542,145382500,1607042,200 OK,200,
GET /anything,2024-02-12T12:51:42+01:00,298863250,148544167,146478000,1904042,200 OK,200,
GET /,2024-02-12T12:51:42+01:00,302565375,148992125,146977167,1901209,200 OK,200,
GET /,2024-02-12T12:51:42+01:00,297799250,147629209,145552833,1849959,200 OK,200,
GET /anything,2024-02-12T12:51:42+01:00,295573458,146876208,145145625,1572584,200 OK,200,
PUT /anything,2024-02-12T12:51:42+01:00,297655375,147580084,145888500,1519708,200 OK,200,
GET /anything,2024-02-12T12:51:42+01:00,294650667,146415416,145569500,774959,200 OK,200,
GET /anything,2024-02-12T12:51:42+01:00,296354583,148578166,146592166,1810208,200 OK,200,
PUT /anything,2024-02-12T12:51:43+01:00,295586042,147626500,145251584,2199792,200 OK,200,
PUT /anything,2024-02-12T12:51:43+01:00,296525916,147046958,145842292,1054625,200 OK,200,
GET /,2024-02-12T12:51:43+01:00,297281875,147696000,145893500,1651459,200 OK,200,
PUT /anything,2024-02-12T12:51:43+01:00,297302167,147435375,145541375,1702792,200 OK,200,
GET /,2024-02-12T12:51:43+01:00,296795584,147686209,145547667,1976000,200 OK,200,
GET /anything,2024-02-12T12:51:43+01:00,298608208,148348084,146479709,1764791,200 OK,200,
GET /,2024-02-12T12:51:43+01:00,298689542,148391583,146516708,1760375,200 OK,200,
GET /,2024-02-12T12:51:43+01:00,297825208,147920125,146096750,1677834,200 OK,200,
GET /anything,2024-02-12T12:51:43+01:00,295978333,149148917,145602583,3349833,200 OK,200,
GET /anything,2024-02-12T12:51:43+01:00,297281666,147863666,146206250,1543542,200 OK,200,
GET /anything,2024-02-12T12:51:43+01:00,296168875,147235042,146181375,938458,200 OK,200,
PUT /anything,2024-02-12T12:51:43+01:00,465799625,147870667,146213834,1534916,200 OK,200,
PUT /anything,2024-02-12T12:51:43+01:00,297099709,147879708,146035708,1658500,200 OK,200,
PUT /anything,2024-02-12T12:51:44+01:00,298504291,148277333,146196125,1901833,200 OK,200,
PUT /anything,2024-02-12T12:51:44+01:00,297325375,147033834,145536167,1269084,200 OK,200,
GET /,2024-02-12T12:51:44+01:00,296033666,147092709,145229667,1698958,200 OK,200,
GET /,2024-02-12T12:51:44+01:00,297913709,148002625,146105666,1717917,200 OK,200,
GET /,2024-02-12T12:51:44+01:00,299304041,147873333,145359500,2296750,200 OK,200,
GET /,2024-02-12T12:51:44+01:00,298653500,147694167,145360958,2134209,200 OK,200,
GET /anything,2024-02-12T12:51:44+01:00,293976584,146975584,145659375,1212541,200 OK,200,
GET /anything,2024-02-12T12:51:44+01:00,297895583,147940042,145903875,1827500,200 OK,200,
GET /anything,2024-02-12T12:51:44+01:00,297580833,148158042,146030791,1949875,200 OK,200,
GET /anything,2024-02-12T12:51:44+01:00,300010167,147902042,145626959,2090333,200 OK,200,
PUT /anything,2024-02-12T12:51:44+01:00,293324792,146754750,145061542,1548625,200 OK,200,
PUT /anything,2024-02-12T12:51:44+01:00,297647583,148015500,145480750,2304333,200 OK,200,
PUT /anything,2024-02-12T12:51:44+01:00,296749958,147722500,145657125,1908500,200 OK,200,
PUT /anything,2024-02-12T12:51:44+01:00,295887916,147728916,145063125,2484500,200 OK,200,
GET /,2024-02-12T12:51:45+01:00,297282667,147315500,146226125,1003125,200 OK,200,
GET /,2024-02-12T12:51:45+01:00,296915959,147048542,145033250,1934334,200 OK,200,
GET /,2024-02-12T12:51:45+01:00,304064375,146838500,145888541,866000,200 OK,200,
GET /,2024-02-12T12:51:45+01:00,301955792,146939792,146036084,826375,200 OK,200,
GET /anything,2024-02-12T12:51:45+01:00,298188208,147134167,146203500,843792,200 OK,200,
GET /anything,2024-02-12T12:51:45+01:00,297133542,147242875,145689583,1423291,200 OK,200,
GET /anything,2024-02-12T12:51:45+01:00,518285042,148637375,147469334,1074583,200 OK,200,
PUT /anything,2024-02-12T12:51:45+01:00,294279125,147228875,146325125,814500,200 OK,200,
PUT /anything,2024-02-12T12:51:45+01:00,298548625,147718292,146024417,1563500,200 OK,200,
PUT /anything,2024-02-12T12:51:45+01:00,296383708,147864250,146549791,1171667,200 OK,200,
GET /anything,2024-02-12T12:51:45+01:00,676008375,147030541,146151167,783959,200 OK,200,
GET /,2024-02-12T12:51:46+01:00,297738542,146954000,145411334,1429625,200 OK,200,
GET /,2024-02-12T12:51:46+01:00,295375458,147300583,146345166,859292,200 OK,200,
GET /,2024-02-12T12:51:46+01:00,298417417,147642167,146878417,678833,200 OK,200,
PUT /anything,2024-02-12T12:51:46+01:00,295764500,146848667,146278292,501541,200 OK,200,
GET /anything,2024-02-12T12:51:46+01:00,294828916,147339625,145595959,1623625,200 OK,200,
GET /anything,2024-02-12T12:51:46+01:00,296928958,148652875,146687083,1741667,200 OK,200,
GET /anything,2024-02-12T12:51:46+01:00,299957250,147092167,145362792,1618167,200 OK,200,
GET /,2024-02-12T12:51:46+01:00,294690291,147330750,146005334,1226375,200 OK,200,
PUT /anything,2024-02-12T12:51:46+01:00,295877875,147313375,145053167,2105709,200 OK,200,
PUT /anything,2024-02-12T12:51:46+01:00,298120375,147893500,145368000,2331083,200 OK,200,
PUT /anything,2024-02-12T12:51:46+01:00,296794917,146338792,144719750,1513125,200 OK,200,
GET /anything,2024-02-12T12:51:46+01:00,296283166,145853541,144767709,983792,200 OK,200,
GET /,2024-02-12T12:51:46+01:00,297314583,148269916,145760750,2345416,200 OK,200,
GET /,2024-02-12T12:51:47+01:00,301429916,147700792,145732166,1787833,200 OK,200,
GET /,2024-02-12T12:51:47+01:00,299695083,149891166,148782667,1034958,200 OK,200,
PUT /anything,2024-02-12T12:51:47+01:00,299700291,149868792,148784250,1017542,200 OK,200,
GET /anything,2024-02-12T12:51:47+01:00,294174875,147869000,145877125,1834959,200 OK,200,
GET /anything,2024-02-12T12:51:47+01:00,297267917,147770125,145826792,1699792,200 OK,200,
GET /anything,2024-02-12T12:51:47+01:00,294588667,147099583,145847417,1139250,200 OK,200,
GET /,2024-02-12T12:51:47+01:00,298101750,147069042,145822917,1145333,200 OK,200,
PUT /anything,2024-02-12T12:51:47+01:00,300234417,147805333,146110167,1530375,200 OK,200,
PUT /anything,2024-02-12T12:51:47+01:00,294072792,147156917,145879125,1172542,200 OK,200,
GET /anything,2024-02-12T12:51:47+01:00,294269083,146755958,145614917,1039042,200 OK,200,
PUT /anything,2024-02-12T12:51:47+01:00,632958500,147497458,145496041,1773208,200 OK,200,
GET /,2024-02-12T12:51:47+01:00,297382292,147402459,145411417,1720416,200 OK,200,
PUT /anything,2024-02-12T12:51:47+01:00,292381583,145967291,145263667,635334,200 OK,200,
GET /,2024-02-12T12:51:47+01:00,298623916,147324916,145989583,1227042,200 OK,200,
GET /,2024-02-12T12:51:48+01:00,299034084,147716417,145551042,1989250,200 OK,200,
GET /anything,2024-02-12T12:51:48+01:00,297271541,148208792,146388083,1661875,200 OK,200,
GET /,2024-02-12T12:51:48+01:00,295513083,147128375,145868458,1138208,200 OK,200,
GET /anything,2024-02-12T12:51:48+01:00,294865166,146733334,145837584,819542,200 OK,200,
GET /anything,2024-02-12T12:51:48+01:00,297947250,147406750,145468542,1684041,200 OK,200,
PUT /anything,2024-02-12T12:51:48+01:00,294246583,147472083,145478667,1813750,200 OK,200,
GET /anything,2024-02-12T12:51:48+01:00,294219834,146672250,145218875,1323458,200 OK,200,
PUT /anything,2024-02-12T12:51:48+01:00,292890625,145770625,144899250,792208,200 OK,200,
PUT /anything,2024-02-12T12:51:48+01:00,298911875,146930084,145660334,1130000,200 OK,200,
GET /,2024-02-12T12:51:48+01:00,300168917,147603084,145978791,1417083,200 OK,200,
PUT /anything,2024-02-12T12:51:48+01:00,293911708,147076375,145595041,1397042,200 OK,200,
GET /,2024-02-12T12:51:48+01:00,467522917,146460708,145570833,815667,200 OK,200,
GET /,2024-02-12T12:51:49+01:00,297254583,147660459,146185208,1307459,200 OK,200,
GET /anything,2024-02-12T12:51:49+01:00,297732875,147456583,145736125,1538917,200 OK,200,
GET /,2024-02-12T12:51:49+01:00,295734542,145440625,144560416,766250,200 OK,200,
GET /anything,2024-02-12T12:51:49+01:00,294760333,148009458,145724833,2084542,200 OK,200,
GET /anything,2024-02-12T12:51:49+01:00,295707042,147246916,145731750,1395875,200 OK,200,
GET /anything,2024-02-12T12:51:49+01:00,298031584,145874959,144886375,901875,200 OK,200,
PUT /anything,2024-02-12T12:51:49+01:00,294254125,146809166,144907125,1729042,200 OK,200,
PUT /anything,2024-02-12T12:51:49+01:00,295168000,147648042,145902917,1600209,200 OK,200,
PUT /anything,2024-02-12T12:51:49+01:00,296792916,148358084,146545583,1552583,200 OK,200,
PUT /anything,2024-02-12T12:51:49+01:00,694281333,149602958,147315042,2110333,200 OK,200,
GET /,2024-02-12T12:51:49+01:00,297597833,148065125,146342667,1564459,200 OK,200,
GET /,2024-02-12T12:51:49+01:00,301375625,148406125,146641209,1620958,200 OK,200,
GET /,2024-02-12T12:51:50+01:00,301527083,148881042,147083208,1626584,200 OK,200,
GET /,2024-02-12T12:51:50+01:00,297620916,147395459,145370375,1846958,200 OK,200,
GET /anything,2024-02-12T12:51:50+01:00,294368042,147450291,145456000,1794917,200 OK,200,
GET /anything,2024-02-12T12:51:50+01:00,297293000,147255542,145526292,1568083,200 OK,200,
GET /anything,2024-02-12T12:51:50+01:00,297096750,148041541,145655583,2217416,200 OK,200,
GET /anything,2024-02-12T12:51:50+01:00,298296125,149322208,147348708,1769833,200 OK,200,
PUT /anything,2024-02-12T12:51:50+01:00,294441458,147342333,145180917,2000375,200 OK,200,
PUT /anything,2024-02-12T12:51:50+01:00,295659458,147340916,145681167,1542125,200 OK,200,
PUT /anything,2024-02-12T12:51:50+01:00,298178416,147235417,145000333,2080834,200 OK,200,
PUT /anything,2024-02-12T12:51:50+01:00,297355084,147171833,145515292,1489625,200 OK,200,
GET /,2024-02-12T12:51:50+01:00,294775375,147226917,146059708,992083,200 OK,200,
GET /,2024-02-12T12:51:50+01:00,298737209,147824917,146588875,1124917,200 OK,200,
GET /,2024-02-12T12:51:50+01:00,299805208,147658417,145897291,1585834,200 OK,200,
GET /,2024-02-12T12:51:51+01:00,300161375,148094000,145845875,2050500,200 OK,200,
GET /anything,2024-02-12T12:51:51+01:00,295277583,147834458,145898792,1773083,200 OK,200,
GET /anything,2024-02-12T12:51:51+01:00,296435500,147733666,146208666,1369542,200 OK,200,
GET /anything,2024-02-12T12:51:51+01:00,296380000,148848000,146597042,2051792,200 OK,200,
PUT /anything,2024-02-12T12:51:51+01:00,297168208,147615542,145327959,2120792,200 OK,200,
GET /anything,2024-02-12T12:51:51+01:00,633779750,149991916,147714125,2084167,200 OK,200,
PUT /anything,2024-02-12T12:51:51+01:00,297262750,148334541,146007000,2114625,200 OK,200,
GET /,2024-02-12T12:51:51+01:00,298134667,147886250,145929750,1773958,200 OK,200,
PUT /anything,2024-02-12T12:51:51+01:00,679549542,147718125,145835750,1704750,200 OK,200,
PUT /anything,2024-02-12T12:51:51+01:00,297138375,147871792,146020042,1666958,200 OK,200,
GET /,2024-02-12T12:51:51+01:00,299258334,147897125,145469625,2214250,200 OK,200,
GET /anything,2024-02-12T12:51:51+01:00,296515167,147681375,145901625,1605041,200 OK,200,
GET /,2024-02-12T12:51:52+01:00,298226666,148114583,146268458,1700250,200 OK,200,
GET /,2024-02-12T12:51:52+01:00,300142750,147606875,145797500,1603167,200 OK,200,
GET /anything,2024-02-12T12:51:52+01:00,297768208,147937083,145726833,1981500,200 OK,200,
GET /anything,2024-02-12T12:51:52+01:00,297310208,147839916,145855375,1753208,200 OK,200,
PUT /anything,2024-02-12T12:51:52+01:00,297992250,147928625,145896792,1810708,200 OK,200,
PUT /anything,2024-02-12T12:51:52+01:00,704813041,148548000,146428708,1928958,200 OK,200,
PUT /anything,2024-02-12T12:51:52+01:00,296788208,148105625,146007208,1908583,200 OK,200,
GET /,2024-02-12T12:51:52+01:00,298119292,147914959,145997041,1738792,200 OK,200,
GET /anything,2024-02-12T12:51:52+01:00,724557584,148156500,145913917,2051042,200 OK,200,
GET /,2024-02-12T12:51:52+01:00,297796042,149986250,148231875,1587334,200 OK,200,
GET /,2024-02-12T12:51:53+01:00,298602916,147406375,145667584,1554750,200 OK,200,
GET /anything,2024-02-12T12:51:53+01:00,298396584,149058167,147341250,1557084,200 OK,200,
PUT /anything,2024-02-12T12:51:53+01:00,293361167,146894500,145140334,1637208,200 OK,200,
GET /anything,2024-02-12T12:51:53+01:00,295425917,148127792,146044125,1892208,200 OK,200,
GET /anything,2024-02-12T12:51:53+01:00,306365625,148706542,146415667,2086083,200 OK,200,
PUT /anything,2024-02-12T12:51:53+01:00,297201750,148195625,146171667,1836542,200 OK,200,
GET /,2024-02-12T12:51:53+01:00,301377583,146807584,145498500,1185417,200 OK,200,
PUT /anything,2024-02-12T12:51:53+01:00,294633833,147089208,145051500,1895209,200 OK,200,
PUT /anything,2024-02-12T12:51:53+01:00,296189541,148174083,145942000,2060125,200 OK,200,
GET /,2024-02-12T12:51:53+01:00,300141667,147273500,146231292,808875,200 OK,200,
GET /anything,2024-02-12T12:51:53+01:00,293477209,146535291,145645292,817416,200 OK,200,
GET /,2024-02-12T12:51:53+01:00,297875250,146587000,144850125,1578500,200 OK,200,
GET /,2024-02-12T12:51:53+01:00,300300209,148105709,145726416,2199292,200 OK,200,
GET /anything,2024-02-12T12:51:54+01:00,300747292,151400084,149754709,1443708,200 OK,200,
PUT /anything,2024-02-12T12:51:54+01:00,296246709,147038625,145710375,1241667,200 OK,200,
GET /anything,2024-02-12T12:51:54+01:00,295658500,147963375,145711125,2072625,200 OK,200,
GET /anything,2024-02-12T12:51:54+01:00,301023416,148081792,146262666,1597541,200 OK,200,
PUT /anything,2024-02-12T12:51:54+01:00,297958000,148117500,146338125,1623375,200 OK,200,
GET /,2024-02-12T12:51:54+01:00,297614125,146519917,145638375,805417,200 OK,200,
PUT /anything,2024-02-12T12:51:54+01:00,294635500,147287958,145372416,1778167,200 OK,200,
PUT /anything,2024-02-12T12:51:54+01:00,299066709,149074125,146093833,2272209,200 OK,200,
GET /,2024-02-12T12:51:54+01:00,299277708,148207750,146279292,1777917,200 OK,200,
GET /anything,2024-02-12T12:51:54+01:00,297862375,147285541,145306291,1842958,200 OK,200,
GET /,2024-02-12T12:51:54+01:00,296508333,148832375,146532000,2122167,200 OK,200,
GET /,2024-02-12T12:51:54+01:00,380751750,148608500,146160042,2253958,200 OK,200,
PUT /anything,2024-02-12T12:51:54+01:00,333457291,146021500,145432250,498292,200 OK,200,
GET /anything,2024-02-12T12:51:55+01:00,337260542,185761084,184847792,852125,200 OK,200,
GET /anything,2024-02-12T12:51:54+01:00,598563125,334808750,332616542,2026166,200 OK,200,
GET /anything,2024-02-12T12:51:55+01:00,300841500,151128292,149341209,1614375,200 OK,200,
GET /,2024-02-12T12:51:55+01:00,301586084,151116625,149344583,1624333,200 OK,200,
PUT /anything,2024-02-12T12:51:55+01:00,299096459,149429333,147239834,2009791,200 OK,200,
PUT /anything,2024-02-12T12:51:55+01:00,298738125,148004667,145817958,2003084,200 OK,200,
GET /anything,2024-02-12T12:51:55+01:00,297067041,147087208,146124792,848583,200 OK,200,
PUT /anything,2024-02-12T12:51:55+01:00,370795083,147800125,146109750,1571875,200 OK,200,
GET /,2024-02-12T12:51:55+01:00,301312333,148258458,146037625,1977667,200 OK,200,
GET /,2024-02-12T12:51:55+01:00,298511542,148454083,146068125,2201541,200 OK,200,
PUT /anything,2024-02-12T12:51:55+01:00,297563625,148248542,145455167,2640625,200 OK,200,
GET /anything,2024-02-12T12:51:56+01:00,297345584,147186292,145322292,1723333,200 OK,200,
GET /,2024-02-12T12:51:55+01:00,478052750,148092459,146157375,1747958,200 OK,200,
GET /anything,2024-02-12T12:51:56+01:00,297235375,147884709,145828750,1885666,200 OK,200,
GET /,2024-02-12T12:51:56+01:00,298799333,147793333,145787709,1864458,200 OK,200,
PUT /anything,2024-02-12T12:51:56+01:00,297225250,147075542,145221125,1712042,200 OK,200,
GET /anything,2024-02-12T12:51:56+01:00,301987458,148395000,146415791,1792417,200 OK,200,
PUT /anything,2024-02-12T12:51:56+01:00,294396708,146885333,145640375,1142875,200 OK,200,
GET /anything,2024-02-12T12:51:56+01:00,300250791,149719542,147789041,1745125,200 OK,200,
GET /,2024-02-12T12:51:56+01:00,301623125,147886625,145744459,1971833,200 OK,200,
PUT /anything,2024-02-12T12:51:56+01:00,299518375,148702958,146584500,1967041,200 OK,200,
GET /,2024-02-12T12:51:56+01:00,298856042,147579250,146132959,1319667,200 OK,200,
PUT /anything,2024-02-12T12:51:56+01:00,300783334,147608083,145584125,1889833,200 OK,200,
GET /anything,2024-02-12T12:51:56+01:00,298048333,148042625,145910250,1958459,200 OK,200,
GET /,2024-02-12T12:51:57+01:00,296244459,148256125,146229209,1863083,200 OK,200,
GET /anything,2024-02-12T12:51:57+01:00,297286750,149147125,147179875,1869625,200 OK,200,
GET /,2024-02-12T12:51:57+01:00,298800250,148249417,146364167,1733500,200 OK,200,
PUT /anything,2024-02-12T12:51:57+01:00,297283250,147054000,145565375,1397084,200 OK,200,
GET /anything,2024-02-12T12:51:57+01:00,294686250,146978500,145165458,1706750,200 OK,200,
GET /anything,2024-02-12T12:51:57+01:00,296143250,145979209,145139416,761875,200 OK,200,
GET /,2024-02-12T12:51:57+01:00,301300542,147703417,146169042,1455584,200 OK,200,
PUT /anything,2024-02-12T12:51:57+01:00,298230333,148442708,146567292,1765417,200 OK,200,
PUT /anything,2024-02-12T12:51:57+01:00,296730084,149299292,147062916,2014708,200 OK,200,
PUT /anything,2024-02-12T12:51:57+01:00,686965833,145971875,145237875,659500,200 OK,200,
GET /,2024-02-12T12:51:57+01:00,296945625,147119417,146217458,783833,200 OK,200,
GET /,2024-02-12T12:51:57+01:00,299072708,147461792,146513625,843417,200 OK,200,
GET /,2024-02-12T12:51:57+01:00,302663458,148004041,146137792,1706125,200 OK,200,
GET /anything,2024-02-12T12:51:57+01:00,587623459,147498292,146279708,1111125,200 OK,200,
GET /anything,2024-02-12T12:51:58+01:00,296987292,148158666,145743416,2276917,200 OK,200,
GET /anything,2024-02-12T12:51:58+01:00,295768042,147663584,145702667,1743334,200 OK,200,
GET /anything,2024-02-12T12:51:58+01:00,297226041,147913792,147017958,792458,200 OK,200,
PUT /anything,2024-02-12T12:51:58+01:00,297876458,147168000,146099209,969416,200 OK,200,
PUT /anything,2024-02-12T12:51:58+01:00,300972041,154741458,146203625,1015084,200 OK,200,
PUT /anything,2024-02-12T12:51:58+01:00,295880042,146806750,145169958,1510125,200 OK,200,
